<?xml version="1.0" encoding="UTF-8" ?>
<!DOCTYPE configuration
  PUBLIC "-//mybatis.org//DTD Config 3.0//EN"
  "http://mybatis.org/dtd/mybatis-3-config.dtd">
<configuration>

	<settings>
		<setting name="mapUnderscoreToCamelCase" value="true"/>
		<setting name="jdbcTypeForNull" value="NULL"/>
	</settings>
	
	<typeAliases>
	<!-- 해당패키지 하위의 모든 클래스가 소문자로 시작하는 별칭으로 등록된다. -->
		<package name="com.kh.spring"/>
	</typeAliases>
	
	
	<typeHandlers>
		<!-- <typeHandler handler="com.kh.spring.common.typehandler.StringArray2VarcharTypeHandler"/>  -->
		<package name="com.kh.spring.common.typehandler"></package>
	</typeHandlers>
</configuration>