<?xml version="1.0" encoding="UTF-8" ?>
<!DOCTYPE mapper
  PUBLIC "-//mybatis.org//DTD Mapper 3.0//EN"
  "http://mybatis.org/dtd/mybatis-3-mapper.dtd">

 <mapper namespace = "board">
 	
 	<select id="selectBoardList" resultType="board">
	 	select
		    b.*,
		    (select count(*) from attachment where board_no = b.no) attach_count
		from
		    board b
		order by
		    no desc
 	</select>
 
 	<select id="selectTotalContent" resultType="_int">
 		select
		  count(no)
		from
		    board
	</select>
	
	<insert id ="insertBoard">
		insert into
			board(no, title, member_id, content)
		values(
			seq_board_no.nextval,
			#{title},
			#{memberId},
			#{content}
		)
		<selectKey order="AFTER" resultType = "_int" keyProperty="no">
			select
				seq_board_no.currval
			from
				dual
		</selectKey>
	
	</insert>
	
	<insert id = "insertAttachment">
		insert into
			attachment(no, board_no, original_filename, renamed_filename)
		values(
			seq_attachment_no.nextval,
			#{boardNo},
			#{originalFilename},
			#{renamedFilename}
		)
	</insert>
 
 	<select id="selectOneBoard" resultType="board">
 		select
 			*
 		from
 			board
 		where
 			no = #{boardNo}
 	
 	</select>
 	
 	<select id="selectAttach" resultType="attachment">
 		select
 			*
 		from
 			attachment
 		where
 			board_no = #{no}
 			
 	</select>
 	
 	<select  id="selectOneBoardCollection" resultMap="boardCollectionMap">
 	select
 		m.*,
	    b.*,
	    a.*,
	    a.no as attach_no
	from
	    board b left join attachment a on b.no = a.board_no join member m on b.member_id = m.id
	 where
	 	b.no = #{no}
 	</select>
 	
 	<resultMap type="board" id="boardCollectionMap">
 		<id column="no" property="no"/>
 		<result column="title" property="title"/>
 		<result column="member_id" property="memberId"/>
 		<result column="content" property="content"/>
 		<result column="reg_date" property="regDate"/>
 		<result column="read_count" property="readCount"/>
 		<association property="member" javaType="member">
            <id column="id" property="id"/>
            <result column="password" property="password"/>
            <result column="name" property="name"/>
            <result column="gender" property="gender"/>
            <result column="birthday" property="birthday"/>
            <result column="email" property="email"/>
            <result column="phone" property="phone"/>
            <result column="address" property="address"/>
            <result column="hobby" property="hobby"/>
            <result column="enroll_date" property="enrollDate"/>
            <result column="enabled" property="enabled"/>
        </association>
 		<collection property="attachments" ofType="attachment">
 			<id column="attach_no" property="no"/>
 			<result column="board_no" property="boardNo"/>
 			<result column="original_filename" property="originalFilename"/>
 			<result column="renamed_filename" property="renamedFilename"/>
 			<result column="upload_date" property="uploadDate"/>
 			<result column="download_count" property="downloadCount"/>
 			<result column="status" property="status"/>
 		</collection>
 		 	
 	</resultMap>
 	
 	<select id="selectOneAttachment" resultType="attachment">
 		select
 			*
 		from
 			attachment
 		where
 			no = #{no}
 	</select>
 	
 	<select id="selectOneBoardAssociation">
		select
		    m.name
		from
		    member m left join board b on m.id = #{memberId}
 	
 	</select>
 </mapper>