<?xml version="1.0" encoding="UTF-8" ?>
<!DOCTYPE mapper
  PUBLIC "-//mybatis.org//DTD Mapper 3.0//EN"
  "http://mybatis.org/dtd/mybatis-3-mapper.dtd">

 <mapper namespace = "memo">
 
 
 	<insert id = "insertMemo">
 		insert into
 			memo(no,memo,password)
 		values(
 		
 		seq_memo_no.nextval,
 		#{memo},
 		#{password}
 		)
 		
 	
 	</insert>
 	
 	<select id="selectMemoList" resultType="memo">
 	
 		select
 			*
 		from
 			memo
 		order by
 			no desc
 	
 	
 	</select>
 	
 	<delete id="deleteMemo">
 		
 		delete from memo where no = #{no}
 	</delete>
 	
 	<select id="selectOneMemo" resultType = "memo">
 		select
 			*
 		from
 			memo
 		where
 			no = #{no}
 	
 	</select>
 
 
 </mapper>