<?xml version="1.0" encoding="UTF-8"?>
<beans xmlns="http://www.springframework.org/schema/beans"
	xmlns:xsi="http://www.w3.org/2001/XMLSchema-instance"
	xmlns:aop="http://www.springframework.org/schema/aop"
	xsi:schemaLocation="http://www.springframework.org/schema/beans http://www.springframework.org/schema/beans/spring-beans.xsd
		http://www.springframework.org/schema/aop http://www.springframework.org/schema/aop/spring-aop-4.3.xsd">

		
	<!-- #10.1 선언적 aop 설정 시작 -->
	
	<!-- 
	<bean class="com.kh.spring.common.aop.LogAspect" id="logAspect"/>
	<bean class="com.kh.spring.common.aop.StopWatchAspect" id = "stopWatchAspect"></bean>


	
	<aop:config>
		<aop:aspect id="logAspect" ref="logAspect">
			<aop:pointcut expression="execution(* com.kh.spring.memo.model.service..*(..))" id="memoPointcut"/> 이건 오리지널버전
			<aop:pointcut expression="execution(* com.kh.spring.memo.model.service..*(..))" id="memoPointcut"/>
			<aop:around method="aroundAdvice" pointcut-ref="memoPointcut"/>
		</aop:aspect>
		
		<aop:aspect id="stopWatchAspect" ref="stopWatchAspect">
			<aop:around method="aroundAdvice" pointcut="execution(* com.kh.spring.memo.controller.MemoController.memo(..))"/>
		</aop:aspect>
	</aop:config>
	 -->

	
	<!-- #10.1 선언적 aop 설정 끝 -->
	
	
	
	<!-- #10.1 프로그래밍적 aop 설정 시작 -->
	<!-- #12.2 application-context에 선언된 tx aop설정을 servlet-context에도 적용 -->
	<aop:aspectj-autoproxy/>
	
	<!-- #10.1 프로그래밍적 aop 설정 끝 -->
	

	
	
</beans>
